faq_id,category,question,answer
faq_001,Parking,What is the deadline for purchasing a semester parking permit?,"According to university policy, students must submit their permit applications by the end of the second week of each semester. Late applications may incur a $25 late fee."
faq_002,Parking,How do I register my vehicle for parking privileges on campus?,"To register your vehicle, please log in to your MyCampus account and navigate to the Parking section. Follow the prompts to enter your vehicle's information and pay the registration fee."
faq_003,Parking,Can I park in faculty/staff parking lots if I have a valid parking permit?,"No, parking permits are specific to student parking lots. Faculty/staff parking lots are designated for university employees only and are subject to stricter parking regulations."
faq_004,Parking,What happens if I lose my parking permit?,"If you lose your parking permit, please report the incident to the Parking Services office immediately. You will be required to complete a lost permit form and provide a replacement permit at a cost of $10."
faq_005,Parking,Can I park in designated handicapped parking spaces if I have a disability permit?,"Yes, students with a valid disability permit may park in designated handicapped parking spaces. Please display your permit clearly on your vehicle's dashboard."
faq_006,Parking,How do I appeal a parking citation?,"To appeal a parking citation, please submit a written appeal to the Parking Services office within 10 business days of receiving the citation. Include your parking permit number, citation number, and a clear explanation of the circumstances surrounding the citation."
faq_007,Parking,Can I park my motorcycle in any parking lot on campus?,"No, motorcycles are restricted to designated motorcycle parking areas only. Please follow the signs and markings to ensure compliance."
faq_008,Parking,What is the process for replacing a stolen parking permit?,"To replace a stolen parking permit, please report the incident to the Parking Services office and provide a police report or proof of loss. You will be required to complete a replacement permit form and pay the replacement fee."
faq_009,Parking,Can I park overnight in student parking lots?,"No, overnight parking is prohibited in student parking lots. Vehicles parked overnight will be subject to towing and fines."
faq_010,Parking,How do I access a parking map of the campus?,"To access a parking map, please visit the Parking Services website or download the MyCampus app. The map will be available under the Parking section, along with other useful resources and information."
faq_011,Financial Aid,What is the deadline for submitting the Free Application for Federal Student Aid (FAFSA)?,"According to university policy, students must submit the FAFSA by March 1st of each year to be considered for need-based financial aid. However, we encourage students to submit their FAFSA as early as possible to ensure timely processing and consideration for federal, state, and institutional aid programs."
faq_012,Financial Aid,How do I check the status of my financial aid package?,"Students can view their financial aid status by logging into their online student portal and accessing the Financial Aid section. Here, they can review their award letter, check the status of their FAFSA, and view any additional documents required for aid eligibility."
faq_013,Financial Aid,Can I appeal a decision made by the Financial Aid Office?,"Yes, students can appeal a decision made by the Financial Aid Office if they feel that their financial aid package does not accurately reflect their financial situation. To appeal, students must submit a written request to the Financial Aid Office, including supporting documentation and a clear explanation of the reason for the appeal."
faq_014,Financial Aid,What types of scholarships are available to students?,"The university offers a variety of scholarships to students, including merit-based, need-based, and talent-based awards. Students can search for available scholarships through the university's online portal and apply using the provided application and supporting documentation."
faq_015,Financial Aid,Can I use financial aid to cover fees for summer courses?,"Yes, students can use their financial aid package to cover fees for summer courses, including tuition, fees, and books. Students should check with their Financial Aid Counselor to confirm the availability of aid for summer courses and to ensure that their package is sufficient to cover expenses."
faq_016,Financial Aid,How do I apply for an internship that offers financial aid?,"To apply for an internship that offers financial aid, students must first secure the internship and then submit a request to the Financial Aid Office to have their aid package adjusted to reflect the internship earnings. Students should provide documentation from the internship provider and their employer to support their request."
faq_017,Financial Aid,Can I use financial aid to cover living expenses while studying abroad?,"Yes, students can use their financial aid package to cover living expenses while studying abroad, including room and board, transportation, and personal expenses. Students should check with their Financial Aid Counselor to confirm the availability of aid for study abroad programs and to ensure that their package is sufficient to cover expenses."
faq_018,Financial Aid,What is the policy on financial aid for students who withdraw from courses?,"According to university policy, students who withdraw from courses within the first two weeks of the term will have their financial aid package adjusted accordingly. Students who withdraw after the first two weeks will be required to repay a portion of their financial aid package, as per university policy."
faq_019,Financial Aid,How do I report changes in my income or family situation that may affect my financial aid eligibility?,"Students must report changes in their income or family situation to the Financial Aid Office in writing, using the provided Change of Circumstance form. Supporting documentation, such as tax returns or proof of income, must be submitted to support the change in circumstances."
faq_020,Financial Aid,Can I use financial aid to cover fees for online courses?,"Yes, students can use their financial aid package to cover fees for online courses, including tuition, fees, and books. Students should check with their Financial Aid Counselor to confirm the availability of aid for online courses and to ensure that their package is sufficient to cover expenses."
faq_021,Housing,What is the deadline for submitting housing applications for the upcoming academic year?,"According to university policy, students must submit their housing applications by May 1st of the preceding academic year. Late applications may incur a $50 late fee and are subject to availability of space."
faq_022,Housing,How do I request a room change or transfer to a different residence hall?,Students can submit a room change request through their housing portal. Requests will be reviewed on a case-by-case basis and are subject to availability of space. Please note that room changes may result in a change to your meal plan or other university services.
faq_023,Housing,What is the process for checking into my residence hall?,"Upon arrival, students should report to the residence hall's front desk to check in and receive their room keys. Students must present a valid university ID and a copy of their housing assignment letter. Check-in hours are typically between 9:00 AM and 5:00 PM, but may vary depending on the residence hall."
faq_024,Housing,Can I have a pet in my residence hall room?,University policy allows approved service animals and emotional support animals in residence hall rooms. Students must provide documentation from a licensed healthcare professional and register their animal through the university's disability services office.
faq_025,Housing,How do I report a maintenance or repair issue in my residence hall room?,"Students can report maintenance or repair issues through the university's online maintenance request system or by contacting the residence hall's front desk. Reports will be addressed as soon as possible, but may take up to 24-48 hours to complete."
faq_026,Housing,What are the university's policies on overnight guests in residence hall rooms?,University policy allows overnight guests in residence hall rooms for a maximum of three consecutive nights. Guests must be registered with the residence hall's front desk and must provide a valid university ID or proof of enrollment. Excessive or unauthorized overnight guests may result in disciplinary action.
faq_027,Housing,How do I request a housing accommodation for a disability or medical condition?,Students with disabilities or medical conditions may request a housing accommodation through the university's disability services office. Accommodations will be reviewed on a case-by-case basis and must be supported by documentation from a licensed healthcare professional.
faq_028,Housing,Can I sublease my residence hall room for the summer or academic year?,University policy prohibits subleasing residence hall rooms. Students who wish to vacate their room for the summer or academic year must follow the university's housing withdrawal procedures and are subject to the terms of their housing contract.
faq_029,Housing,"How do I access the residence hall's amenities and services, such as the gym or laundry facilities?","Students can access the residence hall's amenities and services by presenting their university ID at the designated facilities. Some amenities may require a separate fee or registration, so students should check with the residence hall's front desk for more information."
faq_030,Housing,What are the university's policies on smoking and tobacco use in residence hall rooms?,"University policy prohibits smoking and tobacco use in all university buildings, including residence halls. Students who violate this policy may face disciplinary action and may be required to pay for damages or cleaning costs associated with smoking or tobacco use."
faq_031,Registration,What is the deadline for adding/dropping a course?,"According to university policy, students must submit their course add/drop requests by the end of the second week of the semester to avoid late fees. After the deadline, students will need to contact their academic advisor for approval."
faq_032,Registration,How do I verify my student email address?,"To verify your student email address, log in to the university's portal with your username and password, then click on the 'Student Email' tab. If your email address is listed as 'unverified', click on the 'Verify' button and follow the instructions to complete the verification process."
faq_033,Registration,What documents do I need to submit for course registration?,"To register for courses, students must submit a valid photo ID, proof of immunization, and any other required documentation as specified by their academic program. Students are responsible for reviewing the course catalog and program requirements to ensure they meet all necessary prerequisites and documentation."
faq_034,Registration,Can I register for a course if I have outstanding financial obligations?,"No, students with outstanding financial obligations will not be allowed to register for courses. Students must settle their financial accounts in full before registering for courses. Contact the Bursar's Office for assistance with financial obligations."
faq_035,Registration,How do I check my course registration status?,"To check your course registration status, log in to the university's portal with your username and password, then click on the 'Student Registration' tab. Your course registration status will be displayed on this page. If you have questions or concerns, contact the Registrar's Office for assistance."
faq_036,Registration,Can I register for a course that is already full?,"No, courses that are already full will not be available for registration. Students may add their name to the waitlist for the course, but admission is not guaranteed. Contact the department offering the course for more information on waitlisting policies."
faq_037,Registration,What is the process for registering for a course as a non-matriculated student?,"Non-matriculated students must complete an application for admission and provide transcripts from their previous academic institution. Once the application is approved, non-matriculated students can register for courses through the university's portal. Contact the Admissions Office for more information on the application process."
faq_038,Registration,Can I register for courses online?,"Yes, students can register for courses online through the university's portal. Log in with your username and password, then click on the 'Student Registration' tab to access the online registration system. Follow the instructions to select your courses and complete the registration process."
faq_039,Registration,What is the policy for auditing courses?,Auditing courses is permitted on a space-available basis only. Students must complete an audit request form and provide written approval from their academic advisor. Contact the Registrar's Office for more information on auditing policies and procedures.
faq_040,Registration,Can I register for a course if I have a hold on my account?,"No, students with holds on their account will not be allowed to register for courses. Holds are placed on student accounts for various reasons, such as financial obligations or incomplete paperwork. Students must resolve the issue that is causing the hold before registering for courses. Contact the relevant department or office for assistance."
faq_041,IT Support,How do I reset my university login password?,"To reset your university login password, please visit the password reset webpage and follow the instructions. If you encounter any issues, contact the IT Support team via email at [it-support@university.edu](mailto:it-support@university.edu) or call 555-1234."
faq_042,IT Support,What are the university's Wi-Fi network names and passwords?,The university's Wi-Fi network names are 'University-Wireless-1' and 'University-Wireless-2'. The password for both networks is the same and can be found on the university's website under the IT Support section.
faq_043,IT Support,Can I use my personal laptop or device on the university network?,"Yes, you can use your personal laptop or device on the university network. However, please ensure that your device meets the university's minimum security requirements and is properly configured to connect to the university network."
faq_044,IT Support,How do I troubleshoot my laptop or device for connectivity issues?,"To troubleshoot connectivity issues, please try the following: restart your device, check your network settings, and ensure that your Wi-Fi is enabled. If the issue persists, contact the IT Support team for further assistance."
faq_045,IT Support,What are the university's IT support hours of operation?,The university's IT support team is available Monday through Friday from 8:00 AM to 5:00 PM. You can contact us via email or phone during these hours for assistance.
faq_046,IT Support,Can I use my university email account for personal use?,"No, university email accounts are for official university business only. Personal use of university email accounts is not permitted and may result in account suspension or termination."
faq_047,IT Support,How do I access the university's online course management system?,"To access the university's online course management system, please log in with your university login credentials and navigate to the course page. If you encounter any issues, contact the IT Support team for assistance."
faq_048,IT Support,What are the university's software availability and licensing policies?,The university provides a range of software applications for academic and research purposes. Please visit the university's website under the IT Support section to view the available software and licensing policies.
faq_049,IT Support,Can I use my university email account to send email to external recipients?,"Yes, you can use your university email account to send email to external recipients. However, please ensure that you have the recipient's email address and that the email is for official university business or personal use (as permitted by university policy)."
faq_050,IT Support,How do I report a technical issue or concern to the IT Support team?,"To report a technical issue or concern, please contact the IT Support team via email at [it-support@university.edu](mailto:it-support@university.edu) or call 555-1234. You can also submit a request through the university's online support portal."
faq_051,Health Services,What is the deadline for submitting a medical withdrawal request?,"According to university policy, students must submit a medical withdrawal request within two weeks of the start of the semester or as soon as possible after the onset of the medical condition."
faq_052,Health Services,How do I schedule an appointment with a counselor?,"To schedule an appointment with a counselor, please call the Health Services office at 555-555-5555 or stop by the office in person. Walk-ins are also accepted on a first-come, first-served basis."
faq_053,Health Services,What services are provided by the Health Services office?,"The Health Services office provides a range of services, including medical care, counseling, and health education. We also offer referrals to local healthcare providers and specialists as needed."
faq_054,Health Services,How do I access my health records?,"To access your health records, please contact the Health Services office and request a copy of your records. You will need to provide a valid ID and sign a release form to obtain your records."
faq_055,Health Services,What is the process for getting a vaccination or immunization on campus?,"To get a vaccination or immunization on campus, please contact the Health Services office to schedule an appointment. We offer a range of vaccinations and immunizations, including flu shots and TB tests."
faq_056,Health Services,Can I get a prescription refill from the Health Services office?,"Yes, the Health Services office can provide prescription refills for students who have an existing prescription on file. Please contact the office to arrange for a refill."
faq_057,Health Services,What should I do if I have a medical emergency on campus?,"If you have a medical emergency on campus, please call 911 or contact the University Police Department at 555-555-5555. We also have a first aid kit and basic medical supplies available in the Health Services office."
faq_058,Health Services,How do I know if I'm eligible for health insurance through the university?,"To be eligible for health insurance through the university, you must be a registered student with at least 6 credits per semester. Please contact the Health Services office or visit our website for more information."
faq_059,Health Services,Can I get a mental health assessment or counseling from the Health Services office?,"Yes, the Health Services office provides mental health assessments and counseling services to students. Please contact the office to schedule an appointment and speak with a counselor."
faq_060,Health Services,What is the process for reporting a medical condition or disability to the university?,"To report a medical condition or disability to the university, please contact the Disability Services office or the Health Services office to discuss your options and complete any necessary paperwork."
faq_061,Library,What are the library's hours of operation during finals week?,"The library will have extended hours of operation during finals week, from 8am to 2am, Monday through Thursday, and 8am to 1am on Friday and Saturday. Please check the library's website for the most up-to-date hours."
faq_062,Library,Can I access the library's online resources from off-campus?,"Yes, you can access the library's online resources from off-campus by logging in with your university username and password. Simply click on the 'Off-Campus Access' link on the library's website and follow the prompts."
faq_063,Library,What is the policy on food and drink in the library?,"Food and drink are allowed in the library, but please dispose of your trash and clean up after yourself. Avoid eating strong-smelling foods and refrain from drinking in quiet areas."
faq_064,Library,Can I reserve a study room in the library?,"Yes, you can reserve a study room in the library through our online reservation system. Simply log in to your library account and follow the prompts to reserve a room."
faq_065,Library,What if I lose my university ID card in the library?,"If you lose your university ID card in the library, please report it to the circulation desk immediately. We will assist you in replacing your card and provide you with a temporary ID until it is replaced."
faq_066,Library,Can I use my phone in the library?,"Yes, you can use your phone in the library, but please refrain from making loud phone calls or taking photos in quiet areas."
faq_067,Library,How do I return books that I borrowed from the library?,"You can return books that you borrowed from the library to the circulation desk during business hours. If you are unable to return the book in person, you can also return it through our book drop located outside the library."
faq_068,Library,What if I need help with a research paper or project?,"The library offers research assistance and consulting services to students. Simply visit the research desk and ask to speak with a librarian, or schedule an appointment through our online system."
faq_069,Library,Can I access the library's databases from my laptop or mobile device?,"Yes, you can access the library's databases from your laptop or mobile device through our proxy server. Simply log in with your university username and password and follow the prompts."
faq_070,Library,How do I get a library card if I am not a university student?,"If you are not a university student, you can apply for a community library card through our website. Please fill out the application form and bring it to the library with a valid ID and proof of address."
faq_071,Student Life,What is the deadline for dropping a course without academic penalty?,"According to university policy, students must submit a course drop form by the end of the second week of the semester to avoid academic penalty."
faq_072,Student Life,How do I get involved in student clubs and organizations?,"Students can browse our campus portal to find a list of available clubs and organizations, and contact the club leaders or advisors for more information on how to get involved."
faq_073,Student Life,What are the office hours for the Counseling Center?,"The Counseling Center is open Monday through Friday, 8:30am to 5:00pm, and offers extended hours on Tuesdays and Thursdays until 7:00pm. Students can also schedule appointments online or by phone."
faq_074,Student Life,How do I request a parking permit?,"Students can apply for a parking permit online through our campus portal, and will need to provide their vehicle make, model, and license plate number, as well as their student ID number."
faq_075,Student Life,What are the rules for campus event planning?,"All campus events must be approved by the Events Committee, and students must submit an event proposal form at least two weeks prior to the event date, including details on event purpose, expected attendance, and security arrangements."
faq_076,Student Life,How do I access campus recreational facilities?,"Students can purchase a recreational facility pass online or at the student recreation center, which grants access to facilities such as the gym, pool, and fitness classes."
faq_077,Student Life,What is the procedure for resolving a conflict with a roommate?,"Students experiencing a conflict with a roommate can contact the Resident Advisor or the Office of Residential Life for support and guidance, and may also be able to participate in a mediated conflict resolution process."
faq_078,Student Life,How do I get a refund for a course or program I am registered for but no longer attending?,"Students who wish to withdraw from a course or program must submit a withdrawal form to the Registrar's Office, and will be eligible for a refund according to the university's refund policy."
faq_079,Student Life,What are the guidelines for student conduct and behavior on campus?,"The Student Conduct Code outlines the university's expectations for student behavior, including rules on academic integrity, harassment, and alcohol and substance use. Students are responsible for familiarizing themselves with the Code and adhering to its provisions."
faq_080,Student Life,How do I report a concern or issue about campus safety?,"Students can report concerns or issues about campus safety to the Department of Public Safety, which can be reached by phone, email, or in person, and will investigate and respond to all reports in a timely and confidential manner."
faq_081,Dining,What are the dining hall hours for the spring semester?,"The dining hall hours for the spring semester are as follows: Monday through Thursday, 7:00 AM to 9:00 PM, Friday, 7:00 AM to 8:00 PM, Saturday and Sunday, 10:00 AM to 8:00 PM. Please note that these hours are subject to change, and we recommend checking our website or mobile app for the most up-to-date information."
faq_082,Dining,Can I bring a guest to the dining hall?,"Guests are allowed in the dining hall, but a valid meal plan or cash must be presented for each guest. Please note that guests must be accompanied by a student with a meal plan. For more information, please visit our website or contact our dining services department."
faq_083,Dining,How do I report a food allergy or special dietary need?,"To report a food allergy or special dietary need, please visit our website and fill out the Special Dietary Needs form. You can also contact our dining services department by phone or email. We will work with you to accommodate your needs and ensure your safety in our dining facilities."
faq_084,Dining,Can I use my meal plan at the convenience store?,"Yes, you can use your meal plan to purchase items at the convenience store. However, please note that not all items are eligible for meal plan usage. A list of eligible items can be found on our website or by contacting our dining services department."
faq_085,Dining,How do I get a refund for unused meal plan dollars?,"To request a refund for unused meal plan dollars, please visit our website and fill out the Refund Request form. You will need to provide your student ID number and the amount you wish to refund. Refunds will be processed within 5-7 business days. Please note that refunds are only available for unused meal plan dollars, not for cash or other forms of payment."
faq_086,Dining,Can I use my meal plan at the food trucks on campus?,"Yes, you can use your meal plan to purchase items from the food trucks on campus. However, please note that not all food trucks accept meal plan usage, so it's best to check with the truck vendor or our dining services department to confirm."
faq_087,Dining,What are the options for students with a meal plan during finals week?,"During finals week, students with a meal plan will have access to extended dining hall hours and special finals week menus. Please check our website or mobile app for the most up-to-date information on dining hours and menus during finals week."
faq_088,Dining,Can I share my meal plan with a roommate or friend?,"No, meal plans are non-transferable and cannot be shared with roommates or friends. Each student with a meal plan must have their own individual plan. Please note that attempting to share a meal plan may result in account suspension or other disciplinary action."
faq_089,Dining,How do I purchase additional meal plan dollars?,"To purchase additional meal plan dollars, please visit our website and follow the prompts to add funds to your meal plan. You can also contact our dining services department by phone or email to request assistance with adding funds."
faq_090,Dining,What are the policies for dining hall etiquette?,"We expect all students to follow basic dining hall etiquette, including cleaning up after themselves, not using electronic devices at tables, and respecting the space and belongings of others. Please note that failure to follow these policies may result in account suspension or other disciplinary action."
faq_091,Career Services,What is the deadline for job fair registration?,"According to university policy, students must submit their registration forms by the 15th of the previous month to secure a spot at the upcoming job fair. Late submissions will be accepted on a space-available basis."
faq_092,Career Services,How can I schedule a career counseling appointment?,"To schedule a career counseling appointment, please log in to your student portal and click on the 'Career Services' tab. From there, you can select a date and time that suits your schedule and confirm your appointment."
faq_093,Career Services,What is the process for internships and co-op placements?,"To apply for internships and co-op placements, students must first meet with a career counselor to discuss their goals and interests. The counselor will then guide the student through the application process, which typically involves submitting a resume, cover letter, and any additional materials required by the employer."
faq_094,Career Services,Can I get help with resume and cover letter writing?,"Yes, Career Services offers one-on-one resume and cover letter writing assistance. Students can schedule an appointment with a career counselor who will review their materials and provide feedback and suggestions for improvement."
faq_095,Career Services,How can I access career resources and job listings?,"Career resources and job listings can be accessed through the university's job board, which is available on the student portal. Students can also search for job listings on external websites and databases, which are provided by the university's career services team."
faq_096,Career Services,What is the policy on confidentiality and disclosure of student information?,"The university is committed to maintaining the confidentiality of student information. Career Services will only disclose student information to employers with the student's explicit consent, and only as necessary to facilitate the job search process."
faq_097,Career Services,Can I get help with networking and making connections in my industry?,"Yes, Career Services offers workshops and one-on-one coaching on networking and making connections in your industry. Students can also attend career fairs and industry-specific events to connect with professionals in their field."
faq_098,Career Services,What are the eligibility requirements for career services?,"Career Services are available to all currently enrolled students, as well as recent graduates within a certain time frame. Students must also be in good academic standing and meet other eligibility requirements as outlined in the university's career services policy."
faq_099,Career Services,Can I get help with graduate school applications?,"Yes, Career Services offers assistance with graduate school applications, including resume and personal statement review, as well as guidance on the application process. Students can schedule an appointment with a career counselor to discuss their goals and receive support."
faq_100,Career Services,How can I get involved in career-related extracurricular activities?,"To get involved in career-related extracurricular activities, students can search for clubs and organizations on campus that align with their interests. They can also attend career fairs and industry-specific events to connect with professionals in their field and learn about volunteer and internship opportunities."
`